KEY,CN,EN
STR_PLACE_Chapter_1,第1章,Chapter 1
STR_PLACE_Chapter_2,第2章,Chapter 2
STR_PLACE_Chapter_3,第3章,Chapter 3
STR_PLACE_Chapter_4,第4章,Chapter 4
STR_PLACE_Chapter_5,第5章,Chapter 5
STR_PLACE_Chapter_6,第6章,Chapter 6
STR_PLACE_Chapter_7,第7章,Chapter 7
STR_PLACE_Chapter_8,第8章,Chapter 8
STR_PLACE_Chapter_9,第9章,Chapter 9
STR_PLACE_Chapter_10,第10章,Chapter 10
STR_PLACE_Chapter_11,第11章,Chapter 11
STR_PLACE_Chapter_12,第12章,Chapter 12
STR_PLACE_Chapter_13,第13章,Chapter 13
STR_PLACE_Chapter_14,第14章,Chapter 14
STR_PLACE_Chapter_15,第15章,Chapter 15
STR_PLACE_Chapter_16,第16章,Chapter 16
STR_PLACE_Chapter_17,第17章,Chapter 17
STR_PLACE_Chapter_18,第18章,Chapter 18
STR_PLACE_Chapter_19,第19章,Chapter 19
STR_PLACE_Chapter_20,第20章,Chapter 20
STR_PLACE_Chapter_21,第21章,Chapter 21
STR_PLACE_Chapter_22,第22章,Chapter 22
STR_PLACE_Chapter_23,第23章,Chapter 23
STR_PLACE_Chapter_24,第24章,Chapter 24
STR_PLACE_Chapter_25,第25章,Chapter 25
STR_PLACE_Chapter_26,第26章,Chapter 26
STR_PLACE_Chapter_27,第27章,Chapter 27
STR_PLACE_Chapter_28,第28章,Chapter 28
STR_PLACE_Chapter_29,第29章,Chapter 29
STR_PLACE_Chapter_30,第30章,Chapter 30
STR_PLACE_Chapter_31,第31章,Chapter 31
STR_PLACE_Chapter_32,第32章,Chapter 32
STR_PLACE_Chapter_33,第33章,Chapter 33
STR_PLACE_Chapter_34,第34章,Chapter 34
STR_PLACE_Chapter_35,第35章,Chapter 35
STR_PLACE_Chapter_36,第36章,Chapter 36
STR_PLACE_Chapter_37,第37章,Chapter 37
STR_PLACE_Chapter_38,第38章,Chapter 38
STR_PLACE_Chapter_39,第39章,Chapter 39
STR_PLACE_Chapter_40,第40章,Chapter 40
STR_PLACE_Chapter_51,第51章,Chapter 51
STR_PLACE_Chapter_52,第52章,Chapter 52
STR_PLACE_Chapter_53,第53章,Chapter 53
STR_PLACE_Chapter_54,第54章,Chapter 54
STR_PLACE_Chapter_55,第55章,Chapter 55
STR_PLACE_Chapter_56,第56章,Chapter 56
STR_PLACE_Chapter_57,第57章,Chapter 57
STR_PLACE_Chapter_58,第58章,Chapter 58
STR_PLACE_Chapter_59,第59章,Chapter 59
STR_PLACE_Chapter_60,第60章,Chapter 60
STR_PLACE_Chapter_61,第61章,Chapter 61
STR_PLACE_Chapter_62,第62章,Chapter 62
STR_PLACE_Chapter_63,第63章,Chapter 63
STR_PLACE_Chapter_64,第64章,Chapter 64
STR_PLACE_Chapter_65,第65章,Chapter 65
STR_PLACE_Chapter_66,第66章,Chapter 66
STR_PLACE_Chapter_67,第67章,Chapter 67
STR_PLACE_Chapter_68,第68章,Chapter 68
STR_PLACE_Chapter_69,第69章,Chapter 69
STR_PLACE_Chapter_70,第70章,Chapter 70
STR_PLACE_Chapter_71,第71章,Chapter 71
STR_PLACE_Chapter_72,第72章,Chapter 72
STR_PLACE_Chapter_73,第73章,Chapter 73
STR_PLACE_Chapter_74,第74章,Chapter 74
STR_PLACE_Chapter_75,第75章,Chapter 75
STR_PLACE_Chapter_76,第76章,Chapter 76
STR_PLACE_Chapter_77,第77章,Chapter 77
STR_PLACE_Chapter_78,第78章,Chapter 78
STR_PLACE_Chapter_79,第79章,Chapter 79
STR_PLACE_Chapter_80,第80章,Chapter 80
STR_PLACE_Chapter_81,第81章,Chapter 81
STR_PLACE_Chapter_82,第82章,Chapter 82
STR_PLACE_Chapter_83,第83章,Chapter 83
STR_PLACE_Chapter_84,第84章,Chapter 84
STR_PLACE_Chapter_85,第85章,Chapter 85
STR_PLACE_Chapter_86,第86章,Chapter 86
STR_PLACE_Chapter_87,第87章,Chapter 87
STR_PLACE_Chapter_88,第88章,Chapter 88
STR_PLACE_Chapter_89,第89章,Chapter 89
STR_PLACE_Chapter_90,第90章,Chapter 90
STR_PLACE_Chapter_91,第91章,Chapter 91
STR_PLACE_Chapter_92,第92章,Chapter 92
STR_PLACE_Chapter_93,第93章,Chapter 93
STR_PLACE_Chapter_94,第94章,Chapter 94
STR_PLACE_Chapter_95,第95章,Chapter 95
STR_PLACE_Chapter_96,第96章,Chapter 96
STR_PLACE_Chapter_97,第97章,Chapter 97
STR_PLACE_Chapter_98,第98章,Chapter 98
STR_PLACE_Chapter_99,第99章,Chapter 99
STR_PLACE_Chapter_100,第100章,Chapter 100
STR_PLACE_Chapter_101,第101章,Chapter 101
STR_PLACE_Chapter_102,第102章,Chapter 102
STR_PLACE_Chapter_103,第103章,Chapter 103
STR_PLACE_Chapter_104,第104章,Chapter 104
STR_PLACE_Chapter_105,第105章,Chapter 105
STR_PLACE_Chapter_106,第106章,Chapter 106
STR_PLACE_Chapter_107,第107章,Chapter 107
STR_PLACE_Chapter_108,第108章,Chapter 108
STR_PLACE_Chapter_109,第109章,Chapter 109
STR_PLACE_Chapter_110,第110章,Chapter 110
STR_PLACE_Chapter_111,第111章,Chapter 111
STR_PLACE_Chapter_112,第112章,Chapter 112
STR_PLACE_Chapter_113,第113章,Chapter 113
STR_PLACE_Chapter_114,第114章,Chapter 114
STR_PLACE_Chapter_115,第115章,Chapter 115
STR_PLACE_Chapter_116,第116章,Chapter 116
STR_PLACE_Chapter_117,第117章,Chapter 117
STR_PLACE_Chapter_118,第118章,Chapter 118
STR_PLACE_Chapter_119,第119章,Chapter 119
STR_PLACE_Chapter_120,第120章,Chapter 120
STR_PLACE_Chapter_121,第121章,Chapter 121
STR_PLACE_Chapter_122,第122章,Chapter 122
STR_PLACE_Chapter_123,第123章,Chapter 123
STR_PLACE_Chapter_124,第124章,Chapter 124
STR_PLACE_Chapter_125,第125章,Chapter 125
STR_PLACE_Chapter_126,第126章,Chapter 126
STR_PLACE_Chapter_127,第127章,Chapter 127
STR_PLACE_Chapter_128,第128章,Chapter 128
STR_PLACE_Chapter_129,第129章,Chapter 129 